OrderID,OrderDate,CustomerID,ProductID,RegionID,Salesperson,Quantity,Discount,SalesAmount,CostAmount
O000001,2025-08-04,C00017,P0085,4,Arun,4,0.0,88247.52,72289.32
O000002,2024-04-13,C00018,P0058,1,Meena,1,0.0,22266.64,18117.91
O000003,2024-02-21,C00225,P0030,4,Arun,3,0.05,71592.94,58516.17
O000004,2024-09-11,C00295,P0041,4,Meena,6,0.0,123342.42,86792.88
O000005,2025-10-14,C00267,P0029,3,Sneha,1,0.05,21487.66,16532.43
O000006,2025-04-12,C00090,P0081,2,Vikram,8,0.0,202652.72,158227.44
O000007,2024-10-22,C00196,P0068,1,Priya,7,0.0,185591.84,138485.34
O000008,2024-11-14,C00276,P0061,1,Rahul,5,0.15,115894.4,93551.95
O000009,2024-05-20,C00238,P0008,4,Priya,9,0.05,44243.26,31476.78
O000010,2024-11-22,C00131,P0027,1,Arun,8,0.15,74350.11,64812.4
O000011,2024-04-06,C00098,P0007,2,Meena,10,0.1,154264.59,125566.9
O000012,2025-10-12,C00097,P0098,5,Meena,9,0.0,117833.4,84065.67
O000013,2024-07-11,C00171,P0039,4,Arun,4,0.2,23928.74,21683.12
O000014,2025-12-07,C00061,P0096,2,Priya,4,0.1,73893.49,68906.76
O000015,2025-06-25,C00204,P0031,1,Sneha,7,0.05,122765.65,105952.42
O000016,2025-05-20,C00158,P0034,4,Priya,8,0.0,188089.2,149101.36
O000017,2025-12-19,C00241,P0098,4,Rahul,6,0.0,78555.6,56043.78
O000018,2024-02-23,C00114,P0095,3,Vikram,10,0.05,179847.64,137022.0
O000019,2024-12-13,C00079,P0026,2,Priya,10,0.15,210929.28,176667.5
O000020,2025-02-08,C00173,P0033,3,Priya,8,0.05,95464.06,73769.76
O000021,2025-07-14,C00181,P0022,5,Priya,3,0.15,32240.34,30151.14
O000022,2025-03-09,C00031,P0068,1,Meena,1,0.1,23861.81,19783.62
O000023,2024-12-09,C00119,P0009,5,Arun,4,0.05,69876.45,50183.64
O000024,2024-11-11,C00248,P0085,5,Arun,9,0.05,188629.07,162650.97
O000025,2024-01-17,C00272,P0093,4,Sneha,1,0.05,11144.1,8266.01
O000026,2025-06-21,C00221,P0023,1,Vikram,3,0.0,45467.61,30549.21
O000027,2025-05-01,C00130,P0046,3,Priya,2,0.05,49969.07,39925.48
O000028,2024-12-05,C00290,P0032,3,Rahul,5,0.1,4969.57,4745.3
O000029,2025-09-26,C00017,P0012,4,Priya,9,0.05,145317.6,115505.82
O000030,2025-05-12,C00088,P0011,2,Priya,6,0.05,37691.88,32420.52
O000031,2025-10-02,C00049,P0068,3,Rahul,4,0.15,90144.61,79134.48
O000032,2025-06-18,C00291,P0061,3,Arun,5,0.15,115894.4,93551.95
O000033,2025-03-24,C00017,P0023,4,Sneha,1,0.2,12124.7,10183.07
O000034,2025-04-09,C00204,P0010,1,Vikram,4,0.05,72864.05,66123.76
O000035,2025-09-27,C00277,P0043,1,Meena,3,0.1,31172.82,26713.86
O000036,2025-06-16,C00041,P0065,4,Sneha,1,0.0,21398.65,17662.56
O000037,2024-07-29,C00039,P0044,5,Vikram,10,0.05,112010.7,82959.9
O000038,2025-08-09,C00016,P0082,3,Priya,8,0.0,184988.24,128556.8
O000039,2025-03-17,C00193,P0056,5,Vikram,7,0.0,52149.65,38723.86
O000040,2025-04-30,C00127,P0092,3,Rahul,7,0.1,138338.3,130910.29
O000041,2025-05-10,C00200,P0041,1,Arun,1,0.2,16445.66,14465.48
O000042,2025-01-01,C00139,P0014,2,Priya,8,0.05,14225.76,12788.08
O000043,2025-02-17,C00053,P0004,5,Arun,10,0.05,210623.36,166531.1
O000044,2024-10-07,C00198,P0002,4,Priya,2,0.1,22411.01,20839.2
O000045,2025-03-21,C00125,P0074,2,Meena,7,0.0,56911.4,46014.43
O000046,2024-08-27,C00138,P0064,2,Priya,5,0.05,101856.34,74064.65
O000047,2025-01-29,C00040,P0047,4,Rahul,8,0.05,94209.6,74194.56
O000048,2024-07-01,C00055,P0018,4,Priya,6,0.15,59679.03,56456.88
O000049,2024-11-16,C00169,P0057,3,Meena,10,0.0,167678.0,123711.9
O000050,2024-10-04,C00103,P0062,2,Priya,6,0.0,113709.96,90928.98
O000051,2025-06-19,C00252,P0074,1,Sneha,7,0.0,56911.4,46014.43
O000052,2025-08-17,C00187,P0015,5,Rahul,10,0.2,95120.96,93691.8
O000053,2024-06-18,C00282,P0004,4,Priya,4,0.05,84249.34,66612.44
O000054,2024-09-12,C00036,P0053,4,Rahul,5,0.0,77281.25,57667.55
O000055,2025-05-26,C00217,P0049,5,Priya,10,0.05,46584.58,39664.4
O000056,2025-02-13,C00215,P0070,3,Meena,9,0.05,172616.8,131964.48
O000057,2025-11-07,C00056,P0099,4,Meena,6,0.0,122379.54,98962.2
O000058,2025-04-26,C00289,P0083,4,Priya,6,0.2,98903.62,104890.38
O000059,2024-12-22,C00006,P0013,1,Vikram,9,0.05,215849.88,172255.59
O000060,2025-06-14,C00114,P0058,4,Priya,10,0.1,200399.76,181179.1
O000061,2024-05-26,C00013,P0062,4,Arun,2,0.15,32217.82,30309.66
O000062,2025-07-12,C00179,P0040,5,Rahul,9,0.05,167541.27,130228.11
O000063,2025-01-23,C00225,P0093,4,Sneha,2,0.0,23461.26,16532.02
O000064,2025-09-02,C00059,P0003,1,Meena,2,0.1,10077.37,7523.94
O000065,2024-06-06,C00125,P0067,2,Rahul,6,0.05,47112.32,36438.54
O000066,2025-12-05,C00119,P0052,5,Rahul,7,0.05,177475.2,130787.65
O000067,2025-07-17,C00102,P0058,2,Priya,1,0.1,20039.98,18117.91
O000068,2024-07-09,C00033,P0074,5,Rahul,6,0.0,48781.2,39440.94
O000069,2025-01-10,C00135,P0086,5,Vikram,6,0.05,50593.77,39978.84
O000070,2025-04-25,C00059,P0045,1,Priya,10,0.0,16612.2,13862.8
O000071,2025-06-05,C00153,P0079,4,Meena,3,0.0,56928.27,38485.26
O000072,2024-08-03,C00060,P0024,1,Rahul,9,0.05,11911.18,10042.74
O000073,2025-04-15,C00295,P0050,4,Priya,9,0.1,227940.24,169546.41
O000074,2025-05-18,C00089,P0072,3,Sneha,3,0.0,75296.88,51433.53
O000075,2025-09-22,C00028,P0046,3,Priya,3,0.0,78898.53,59888.22
O000076,2024-11-19,C00288,P0065,2,Priya,8,0.05,162629.74,141300.48
O000077,2025-09-21,C00251,P0022,1,Rahul,5,0.0,63216.35,50251.9
O000078,2024-07-24,C00148,P0022,4,Vikram,8,0.05,96088.85,80403.04
O000079,2024-04-24,C00059,P0035,1,Sneha,9,0.15,175290.72,151880.85
O000080,2024-02-18,C00226,P0070,5,Priya,2,0.1,36340.38,29325.44
O000081,2025-05-23,C00127,P0039,1,Arun,8,0.0,59821.84,43366.24
O000082,2025-10-05,C00045,P0057,1,Arun,4,0.0,67071.2,49484.76
O000083,2025-07-17,C00180,P0091,3,Priya,3,0.1,3598.67,3147.0
O000084,2025-08-17,C00106,P0008,2,Vikram,5,0.05,24579.59,17487.1
O000085,2024-06-09,C00150,P0038,2,Vikram,2,0.0,44826.98,31931.16
O000086,2025-07-25,C00211,P0008,4,Meena,3,0.1,13971.55,10492.26
O000087,2024-05-11,C00075,P0092,4,Rahul,7,0.05,146023.76,130910.29
O000088,2025-04-02,C00138,P0081,4,Priya,2,0.1,45596.86,39556.86
O000089,2025-10-16,C00048,P0052,3,Sneha,6,0.05,152121.6,112103.7
O000090,2025-01-31,C00298,P0001,4,Meena,2,0.1,48136.7,38903.48
O000091,2025-01-11,C00184,P0009,5,Priya,4,0.2,58843.33,50183.64
O000092,2025-09-11,C00254,P0035,1,Sneha,6,0.05,130608.77,101253.9
O000093,2024-05-09,C00249,P0044,5,Arun,1,0.0,11790.6,8295.99
O000094,2025-08-16,C00236,P0003,2,Priya,8,0.0,44788.32,30095.76
O000095,2025-12-04,C00104,P0089,3,Meena,5,0.0,77878.05,56210.6
O000096,2025-11-19,C00141,P0012,3,Sneha,2,0.05,32292.8,25667.96
O000097,2025-10-31,C00085,P0007,4,Sneha,4,0.05,65133.94,50226.76
O000098,2024-04-05,C00049,P0001,3,Arun,3,0.05,76216.44,58355.22
O000099,2025-02-22,C00228,P0002,3,Arun,7,0.1,78438.53,72937.2
O000100,2025-01-24,C00118,P0050,1,Arun,6,0.05,160402.39,113030.94
O000101,2024-09-18,C00196,P0100,1,Rahul,3,0.0,17001.15,11674.02
O000102,2025-03-24,C00085,P0057,4,Rahul,3,0.15,42757.89,37113.57
O000103,2025-04-28,C00227,P0028,1,Rahul,2,0.05,14355.43,11757.48
O000104,2024-11-19,C00220,P0041,4,Rahul,5,0.1,92506.82,72327.4
O000105,2024-08-11,C00146,P0100,1,Arun,5,0.0,28335.25,19456.7
O000106,2025-04-22,C00097,P0096,5,Meena,1,0.1,18473.37,17226.69
O000107,2025-08-22,C00123,P0064,2,Rahul,8,0.1,154392.77,118503.44
O000108,2024-03-18,C00007,P0047,4,Rahul,7,0.15,73756.2,64920.24
O000109,2025-03-27,C00188,P0070,2,Priya,2,0.0,40378.2,29325.44
O000110,2024-03-14,C00135,P0028,1,Priya,9,0.0,67999.41,52908.66
O000111,2025-07-01,C00213,P0055,3,Arun,9,0.05,158960.23,118539.45
O000112,2024-05-27,C00043,P0040,2,Rahul,9,0.0,176359.23,130228.11
O000113,2025-04-08,C00034,P0040,1,Meena,4,0.0,78381.88,57879.16
O000114,2024-03-31,C00223,P0015,3,Vikram,1,0.0,11890.12,9369.18
O000115,2025-07-20,C00090,P0016,2,Meena,1,0.0,9705.45,6488.43
O000116,2025-12-01,C00268,P0067,5,Meena,5,0.0,41326.6,30365.45
O000117,2024-05-06,C00138,P0094,4,Arun,6,0.15,67919.5,54320.76
O000118,2024-08-29,C00033,P0034,2,Vikram,2,0.05,44671.18,37275.34
O000119,2025-02-16,C00029,P0064,5,Rahul,6,0.0,128660.64,88877.58
O000120,2025-08-09,C00294,P0087,4,Rahul,9,0.0,170985.15,129427.38
O000121,2025-10-03,C00007,P0032,3,Priya,3,0.0,3313.05,2847.18
O000122,2025-12-06,C00019,P0071,1,Meena,7,0.0,60020.73,47891.76
O000123,2024-08-11,C00164,P0035,1,Vikram,6,0.0,137482.92,101253.9
O000124,2025-06-05,C00027,P0023,5,Vikram,1,0.2,12124.7,10183.07
O000125,2024-03-16,C00239,P0037,1,Sneha,6,0.0,47951.16,40350.66
O000126,2025-01-10,C00189,P0026,1,Sneha,10,0.0,248152.1,176667.5
O000127,2024-11-08,C00253,P0099,4,Meena,9,0.1,165212.38,148443.3
O000128,2024-08-08,C00004,P0053,5,Sneha,1,0.2,12365.0,11533.51
O000129,2024-01-03,C00193,P0095,5,Arun,4,0.05,71939.05,54808.8
O000130,2024-08-03,C00252,P0008,1,Rahul,5,0.0,25873.25,17487.1
O000131,2025-11-11,C00267,P0053,3,Sneha,8,0.2,98920.0,92268.08
O000132,2024-03-30,C00049,P0065,4,Arun,10,0.05,203287.17,176625.6
O000133,2024-12-25,C00067,P0031,5,Sneha,7,0.1,116304.3,105952.42
O000134,2025-07-16,C00163,P0058,4,Arun,4,0.0,89066.56,72471.64
O000135,2025-08-07,C00056,P0020,4,Priya,6,0.05,160913.68,115555.86
O000136,2025-03-05,C00107,P0058,3,Sneha,2,0.0,44533.28,36235.82
O000137,2025-08-31,C00156,P0091,4,Arun,4,0.15,4531.66,4196.0
O000138,2024-10-09,C00047,P0092,5,Sneha,7,0.05,146023.76,130910.29
O000139,2025-06-08,C00134,P0023,4,Priya,9,0.1,122762.55,91647.63
O000140,2024-08-12,C00237,P0014,5,Rahul,2,0.0,3743.62,3197.02
O000141,2025-09-15,C00114,P0017,4,Priya,6,0.1,109539.76,91495.2
O000142,2025-11-22,C00044,P0075,4,Arun,1,0.2,8970.43,9017.7
O000143,2024-07-03,C00228,P0017,3,Arun,1,0.2,16228.11,15249.2
O000144,2024-02-27,C00294,P0056,4,Priya,8,0.0,59599.6,44255.84
O000145,2025-06-12,C00089,P0046,3,Rahul,5,0.0,131497.55,99813.7
O000146,2025-10-19,C00018,P0079,1,Rahul,5,0.05,90136.43,64142.1
O000147,2025-10-18,C00246,P0008,4,Rahul,7,0.0,36222.55,24481.94
O000148,2025-10-19,C00270,P0032,5,Vikram,1,0.2,883.48,949.06
O000149,2025-08-15,C00184,P0062,5,Priya,6,0.15,96653.47,90928.98
O000150,2025-02-10,C00199,P0035,5,Sneha,10,0.0,229138.2,168756.5
O000151,2025-10-26,C00144,P0008,1,Priya,9,0.05,44243.26,31476.78
O000152,2025-04-07,C00120,P0021,2,Sneha,9,0.15,68918.93,57216.51
O000153,2025-11-09,C00029,P0098,5,Rahul,10,0.15,111287.1,93406.3
O000154,2025-08-25,C00182,P0023,5,Vikram,6,0.15,77294.94,61098.42
O000155,2025-06-21,C00015,P0091,4,Vikram,10,0.0,13328.4,10490.0
O000156,2025-11-28,C00253,P0070,4,Priya,1,0.0,20189.1,14662.72
O000157,2024-07-30,C00113,P0003,5,Arun,6,0.15,28552.55,22571.82
O000158,2024-07-06,C00067,P0044,5,Sneha,1,0.0,11790.6,8295.99
O000159,2025-04-08,C00073,P0100,5,Sneha,2,0.05,10767.4,7782.68
O000160,2025-11-24,C00203,P0076,3,Sneha,3,0.2,40157.14,43497.66
O000161,2025-07-14,C00224,P0082,4,Meena,6,0.0,138741.18,96417.6
O000162,2025-12-11,C00183,P0029,4,Rahul,7,0.0,158330.13,115727.01
O000163,2025-06-15,C00066,P0023,2,Meena,10,0.05,143980.77,101830.7
O000164,2025-12-27,C00291,P0005,3,Sneha,10,0.0,91653.8,65548.2
O000165,2025-03-25,C00255,P0019,3,Arun,4,0.0,6838.84,4618.08
O000166,2024-10-03,C00046,P0091,5,Meena,6,0.05,7597.19,6294.0
O000167,2024-08-24,C00128,P0089,3,Arun,1,0.0,15575.61,11242.12
O000168,2024-12-28,C00215,P0022,2,Priya,7,0.05,84077.75,70352.66
O000169,2024-11-13,C00246,P0074,5,Meena,4,0.0,32520.8,26293.96
O000170,2024-03-20,C00018,P0038,3,Arun,2,0.0,44826.98,31931.16
O000171,2025-10-21,C00083,P0094,1,Sneha,10,0.2,106540.4,90534.6
O000172,2025-10-25,C00016,P0056,3,Rahul,10,0.15,63324.57,55319.8
O000173,2024-05-31,C00052,P0043,5,Rahul,7,0.1,72736.59,62332.34
O000174,2025-07-07,C00277,P0034,1,Sneha,4,0.0,94044.6,74550.68
O000175,2024-11-25,C00282,P0063,4,Sneha,1,0.05,20394.07,18172.55
O000176,2024-09-15,C00246,P0026,2,Rahul,5,0.2,99260.84,88333.75
O000177,2025-01-21,C00060,P0040,1,Priya,8,0.15,133249.2,115758.32
O000178,2024-08-24,C00279,P0050,3,Priya,6,0.0,168844.62,113030.94
O000179,2024-02-21,C00226,P0060,5,Sneha,10,0.0,3394.8,2528.5
O000180,2025-07-27,C00050,P0011,5,Vikram,7,0.2,37030.62,37823.94
O000181,2025-04-10,C00284,P0008,5,Vikram,7,0.2,28978.04,24481.94
O000182,2025-06-14,C00244,P0074,3,Priya,5,0.0,40651.0,32867.45
O000183,2025-10-31,C00018,P0065,1,Vikram,10,0.1,192587.85,176625.6
O000184,2025-05-01,C00062,P0097,2,Rahul,4,0.15,13589.19,10711.36
O000185,2024-05-05,C00217,P0011,5,Priya,4,0.2,21160.35,21613.68
O000186,2025-05-06,C00133,P0041,4,Arun,2,0.05,39058.43,28930.96
O000187,2024-11-29,C00167,P0036,4,Arun,10,0.05,126347.91,98734.6
O000188,2025-08-15,C00058,P0054,5,Vikram,10,0.1,66584.97,59154.9
O000189,2025-11-23,C00055,P0073,4,Sneha,9,0.15,19820.69,16845.66
O000190,2025-10-15,C00136,P0050,2,Vikram,10,0.05,267337.32,188384.9
O000191,2024-06-12,C00207,P0019,1,Meena,7,0.0,11967.97,8081.64
O000192,2025-10-22,C00170,P0089,5,Meena,8,0.2,99683.9,89936.96
O000193,2025-10-27,C00011,P0044,3,Sneha,5,0.0,58953.0,41479.95
O000194,2025-02-03,C00051,P0030,4,Sneha,5,0.1,113041.49,97526.95
O000195,2025-04-21,C00046,P0025,5,Priya,8,0.1,91423.15,75929.2
O000196,2025-10-08,C00029,P0066,5,Arun,5,0.1,24454.67,19241.45
O000197,2024-12-03,C00269,P0073,2,Rahul,1,0.0,2590.94,1871.74
O000198,2025-01-09,C00185,P0091,4,Sneha,8,0.05,10129.58,8392.0
O000199,2025-05-11,C00064,P0088,3,Priya,10,0.05,115586.6,91506.3
O000200,2025-12-06,C00243,P0076,5,Sneha,3,0.15,42666.96,43497.66
O000201,2024-08-19,C00047,P0037,1,Rahul,10,0.1,71926.74,67251.1
O000202,2024-07-16,C00114,P0083,4,Rahul,5,0.1,92722.14,87408.65
O000203,2025-02-18,C00005,P0061,4,Meena,3,0.1,73627.03,56131.17
O000204,2024-01-13,C00130,P0078,3,Sneha,5,0.05,96340.88,68842.8
O000205,2024-11-14,C00179,P0059,5,Priya,5,0.1,52670.83,41770.15
O000206,2025-09-11,C00204,P0075,5,Meena,6,0.05,63914.33,54106.2
O000207,2025-04-13,C00145,P0039,4,Priya,2,0.0,14955.46,10841.56
O000208,2024-09-01,C00167,P0036,4,Meena,5,0.0,66498.9,49367.3
O000209,2025-02-20,C00124,P0008,5,Vikram,7,0.1,32600.29,24481.94
O000210,2025-06-10,C00014,P0084,3,Sneha,5,0.15,45835.36,36657.15
O000211,2024-12-04,C00019,P0075,1,Vikram,4,0.0,44852.16,36070.8
O000212,2025-07-01,C00274,P0082,3,Meena,6,0.05,131804.12,96417.6
O000213,2025-09-24,C00286,P0024,1,Priya,3,0.1,3761.42,3347.58
O000214,2025-07-09,C00287,P0098,2,Meena,6,0.1,70700.04,56043.78
O000215,2024-07-22,C00115,P0096,5,Priya,6,0.05,116998.03,103360.14
O000216,2025-04-08,C00238,P0016,4,Meena,10,0.05,92201.77,64884.3
O000217,2025-05-01,C00242,P0025,2,Meena,7,0.05,84439.44,66438.05
O000218,2024-12-10,C00078,P0018,1,Sneha,7,0.2,65529.91,65866.36
O000219,2025-10-24,C00235,P0019,5,Meena,3,0.1,4616.22,3463.56
O000220,2025-01-31,C00091,P0041,4,Arun,8,0.0,164456.56,115723.84
O000221,2025-08-01,C00087,P0074,2,Priya,2,0.0,16260.4,13146.98
O000222,2024-12-24,C00220,P0052,4,Priya,7,0.0,186816.0,130787.65
O000223,2025-03-04,C00192,P0002,2,Vikram,4,0.0,49802.24,41678.4
O000224,2024-01-07,C00128,P0029,2,Sneha,5,0.0,113092.95,82662.15
O000225,2024-11-19,C00157,P0022,1,Sneha,5,0.05,60055.53,50251.9
O000226,2025-02-22,C00269,P0044,5,Meena,3,0.0,35371.8,24887.97
O000227,2025-10-30,C00184,P0097,5,Priya,1,0.0,3996.82,2677.84
O000228,2025-07-10,C00068,P0028,1,Vikram,9,0.0,67999.41,52908.66
O000229,2024-11-07,C00020,P0049,1,Sneha,9,0.1,39719.48,35697.96
O000230,2025-04-13,C00025,P0085,1,Arun,2,0.05,41917.57,36144.66
O000231,2024-11-16,C00281,P0033,2,Rahul,4,0.1,45219.82,36884.88
O000232,2025-05-08,C00155,P0054,3,Meena,9,0.0,66584.97,53239.41
O000233,2025-04-21,C00071,P0054,1,Arun,9,0.1,59926.47,53239.41
O000234,2024-04-28,C00059,P0014,1,Vikram,4,0.1,6738.52,6394.04
O000235,2025-09-16,C00104,P0046,3,Sneha,3,0.0,78898.53,59888.22
O000236,2025-02-06,C00107,P0089,3,Sneha,4,0.0,62302.44,44968.48
O000237,2025-06-04,C00057,P0074,3,Rahul,2,0.1,14634.36,13146.98
O000238,2024-03-21,C00052,P0033,5,Priya,5,0.0,62805.3,46106.1
O000239,2024-02-27,C00090,P0006,2,Sneha,6,0.05,119523.53,101650.68
O000240,2024-04-26,C00024,P0002,3,Meena,3,0.0,37351.68,31258.8
O000241,2025-10-26,C00138,P0094,3,Rahul,2,0.05,25303.34,18106.92
O000242,2025-12-07,C00140,P0050,1,Priya,7,0.1,177286.85,131869.43
O000243,2025-08-24,C00058,P0017,1,Arun,3,0.0,60855.42,45747.6
O000244,2025-11-05,C00248,P0073,5,Rahul,10,0.05,24613.93,18717.4
O000245,2024-11-01,C00015,P0088,4,Meena,3,0.05,34675.98,27451.89
O000246,2025-01-31,C00211,P0057,3,Meena,6,0.0,100606.8,74227.14
O000247,2025-10-09,C00269,P0099,5,Meena,10,0.0,203965.9,164937.0
O000248,2025-12-03,C00174,P0067,1,Meena,10,0.0,82653.2,60730.9
O000249,2025-05-28,C00128,P0062,2,Meena,7,0.0,132661.62,106083.81
O000250,2025-09-12,C00028,P0002,3,Rahul,9,0.15,95246.78,93776.4
O000251,2025-09-29,C00085,P0010,4,Sneha,4,0.0,76699.0,66123.76
O000252,2024-09-03,C00260,P0029,1,Priya,7,0.15,134580.61,115727.01
O000253,2024-03-25,C00228,P0074,4,Priya,8,0.0,65041.6,52587.92
O000254,2025-12-18,C00010,P0014,3,Arun,9,0.05,16003.98,14386.59
O000255,2025-09-12,C00156,P0066,4,Meena,8,0.2,34779.97,30786.32
O000256,2024-11-04,C00028,P0029,3,Sneha,9,0.1,183210.58,148791.87
O000257,2025-04-17,C00187,P0092,5,Arun,4,0.0,87833.84,74805.88
O000258,2024-10-29,C00150,P0071,2,Meena,2,0.0,17148.78,13683.36
O000259,2024-06-06,C00072,P0092,4,Priya,2,0.0,43916.92,37402.94
O000260,2024-07-01,C00062,P0051,2,Rahul,6,0.0,109797.66,83107.56
O000261,2024-12-11,C00064,P0099,2,Priya,10,0.2,163172.72,164937.0
O000262,2024-05-12,C00256,P0001,2,Arun,9,0.2,192546.79,175065.66
O000263,2025-09-20,C00248,P0066,5,Rahul,10,0.0,54343.7,38482.9
O000264,2025-09-05,C00054,P0050,3,Vikram,6,0.05,160402.39,113030.94
O000265,2024-11-20,C00128,P0036,2,Sneha,5,0.05,63173.96,49367.3
O000266,2024-05-11,C00212,P0078,3,Meena,9,0.0,182540.61,123917.04
O000267,2025-06-24,C00161,P0092,4,Vikram,4,0.0,87833.84,74805.88
O000268,2025-05-04,C00149,P0088,4,Meena,3,0.2,29200.82,27451.89
O000269,2025-05-21,C00092,P0065,2,Meena,6,0.1,115552.71,105975.36
O000270,2025-08-01,C00288,P0062,2,Meena,7,0.1,119395.46,106083.81
O000271,2025-10-25,C00274,P0037,3,Priya,1,0.05,7592.27,6725.11
O000272,2024-02-02,C00075,P0007,4,Rahul,5,0.1,77132.29,62783.45
O000273,2024-06-03,C00147,P0088,1,Arun,5,0.0,60835.05,45753.15
O000274,2025-03-09,C00184,P0058,5,Rahul,9,0.05,190379.77,163061.19
O000275,2025-02-16,C00148,P0089,4,Priya,7,0.05,103577.81,78694.84
O000276,2025-08-19,C00161,P0071,3,Rahul,10,0.15,72882.31,68416.8
O000277,2025-10-04,C00227,P0029,1,Meena,6,0.1,122140.39,99194.58
O000278,2025-03-12,C00101,P0100,2,Rahul,5,0.05,26918.49,19456.7
O000279,2025-12-20,C00039,P0024,5,Meena,9,0.0,12538.08,10042.74
O000280,2024-02-17,C00143,P0072,4,Rahul,10,0.15,213341.16,171445.1
O000281,2024-01-09,C00239,P0091,1,Arun,3,0.2,3198.82,3147.0
O000282,2025-04-15,C00155,P0063,3,Vikram,6,0.0,128804.64,109035.3
O000283,2025-06-28,C00270,P0029,5,Vikram,2,0.1,40713.46,33064.86
O000284,2024-06-02,C00279,P0069,3,Sneha,4,0.15,39077.22,37760.84
O000285,2025-05-29,C00170,P0047,5,Vikram,9,0.05,105985.8,83468.88
O000286,2025-03-22,C00005,P0015,4,Priya,4,0.15,40426.41,37476.72
O000287,2025-04-27,C00125,P0006,2,Sneha,7,0.15,124765.79,118592.46
O000288,2025-11-26,C00198,P0033,4,Sneha,1,0.15,10676.9,9221.22
O000289,2025-09-10,C00192,P0066,2,Priya,8,0.0,43474.96,30786.32
O000290,2025-10-28,C00099,P0042,3,Arun,3,0.2,16067.38,14872.8
O000291,2025-08-09,C00274,P0001,3,Rahul,4,0.15,90924.87,77806.96
O000292,2024-12-18,C00054,P0027,3,Meena,7,0.1,68883.19,56710.85
O000293,2025-11-23,C00079,P0004,2,Sneha,1,0.0,22170.88,16653.11
O000294,2024-03-02,C00129,P0072,2,Sneha,7,0.05,166908.08,120011.57
O000295,2025-05-08,C00222,P0041,1,Vikram,1,0.1,18501.36,14465.48
O000296,2025-04-30,C00300,P0006,4,Arun,6,0.2,100651.39,101650.68
O000297,2024-04-18,C00155,P0078,4,Priya,7,0.15,120679.63,96379.92
O000298,2024-02-07,C00081,P0069,4,Meena,7,0.1,72407.79,66081.47
O000299,2025-09-27,C00152,P0082,3,Arun,9,0.15,176895.0,144626.4
O000300,2024-05-18,C00022,P0001,3,Priya,9,0.05,228649.32,175065.66
O000301,2024-03-30,C00108,P0096,5,Meena,6,0.0,123155.82,103360.14
O000302,2025-11-02,C00263,P0019,3,Rahul,10,0.15,14532.53,11545.2
O000303,2024-06-30,C00093,P0086,4,Arun,9,0.05,75890.65,59968.26
O000304,2025-03-14,C00149,P0086,1,Rahul,10,0.05,84322.95,66631.4
O000305,2024-10-12,C00066,P0086,2,Arun,5,0.1,39942.45,33315.7
O000306,2025-10-29,C00163,P0063,4,Vikram,5,0.1,96603.48,90862.75
O000307,2024-05-27,C00291,P0047,3,Priya,3,0.0,37188.0,27822.96
O000308,2024-08-09,C00114,P0092,4,Priya,5,0.15,93323.45,93507.35
O000309,2024-05-12,C00170,P0062,5,Sneha,5,0.05,90020.38,75774.15
O000310,2024-04-20,C00042,P0036,4,Rahul,9,0.0,119698.02,88861.14
O000311,2025-07-14,C00040,P0094,1,Vikram,1,0.15,11319.92,9053.46
O000312,2025-04-03,C00109,P0005,4,Vikram,9,0.05,78364.0,58993.38
O000313,2025-08-10,C00188,P0051,2,Vikram,5,0.0,91498.05,69256.3
O000314,2025-02-09,C00047,P0051,5,Arun,4,0.15,62218.67,55405.04
O000315,2025-08-31,C00085,P0097,4,Priya,3,0.0,11990.46,8033.52
O000316,2025-11-29,C00075,P0095,4,Sneha,1,0.0,18931.33,13702.2
O000317,2025-01-31,C00033,P0034,2,Arun,4,0.05,89342.37,74550.68
O000318,2025-08-21,C00199,P0061,5,Arun,1,0.2,21815.42,18710.39
O000319,2024-10-07,C00267,P0082,3,Meena,5,0.05,109836.77,80348.0
O000320,2025-03-28,C00193,P0084,5,Vikram,2,0.05,20491.1,14662.86
O000321,2024-11-14,C00115,P0067,5,Sneha,8,0.1,59510.3,48584.72
O000322,2025-10-21,C00004,P0065,4,Priya,3,0.0,64195.95,52987.68
O000323,2025-02-18,C00144,P0028,1,Rahul,6,0.1,40799.65,35272.44
O000324,2025-09-06,C00118,P0054,4,Meena,2,0.05,14056.83,11830.98
O000325,2025-01-25,C00108,P0076,5,Priya,1,0.0,16732.14,14499.22
O000326,2024-05-07,C00083,P0018,2,Arun,10,0.0,117017.7,94094.8
O000327,2024-06-07,C00093,P0067,4,Vikram,10,0.1,74387.88,60730.9
O000328,2025-10-15,C00146,P0011,1,Vikram,8,0.15,44965.75,43227.36
O000329,2024-06-11,C00211,P0077,5,Rahul,10,0.1,14830.92,13831.7
O000330,2024-08-23,C00176,P0059,2,Arun,4,0.05,44477.59,33416.12
O000331,2024-05-10,C00009,P0026,2,Vikram,7,0.15,147650.5,123667.25
O000332,2025-04-21,C00091,P0061,4,Vikram,1,0.15,23178.88,18710.39
O000333,2025-03-02,C00061,P0012,2,Rahul,10,0.05,161463.99,128339.8
O000334,2024-01-03,C00221,P0067,3,Arun,9,0.05,70668.49,54657.81
O000335,2025-11-22,C00247,P0099,3,Vikram,10,0.0,203965.9,164937.0
O000336,2024-05-12,C00245,P0099,3,Arun,5,0.05,96883.8,82468.5
O000337,2025-03-10,C00132,P0025,1,Vikram,9,0.0,114278.94,85420.35
O000338,2024-01-12,C00106,P0089,2,Priya,6,0.0,93453.66,67452.72
O000339,2024-12-19,C00300,P0033,4,Vikram,7,0.05,83531.05,64548.54
O000340,2025-04-25,C00204,P0097,1,Vikram,9,0.05,34172.81,24100.56
O000341,2024-11-09,C00285,P0062,1,Sneha,10,0.0,189516.6,151548.3
O000342,2025-06-26,C00071,P0085,2,Priya,3,0.0,66185.64,54216.99
O000343,2025-02-14,C00174,P0071,1,Meena,1,0.0,8574.39,6841.68
O000344,2025-12-08,C00003,P0012,5,Priya,10,0.05,161463.99,128339.8
O000345,2024-03-11,C00114,P0048,1,Meena,7,0.2,121517.54,108318.0
O000346,2024-12-01,C00267,P0037,3,Vikram,1,0.2,6393.49,6725.11
O000347,2025-09-08,C00254,P0057,5,Sneha,4,0.0,67071.2,49484.76
O000348,2025-04-17,C00265,P0090,4,Rahul,1,0.05,10924.83,8009.58
O000349,2025-05-24,C00081,P0012,4,Priya,6,0.1,91779.53,77003.88
O000350,2024-12-04,C00103,P0067,1,Arun,9,0.0,74387.88,54657.81
O000351,2025-09-14,C00299,P0045,5,Sneha,4,0.1,5980.39,5545.12
O000352,2024-06-30,C00207,P0074,2,Priya,9,0.0,73171.8,59161.41
O000353,2024-03-19,C00151,P0044,2,Vikram,5,0.15,50110.05,41479.95
O000354,2025-09-04,C00295,P0033,4,Priya,10,0.05,119330.07,92212.2
O000355,2024-08-07,C00174,P0100,1,Priya,10,0.15,48169.92,38913.4
O000356,2025-01-27,C00133,P0009,4,Rahul,4,0.15,62521.04,50183.64
O000357,2024-12-09,C00181,P0067,4,Meena,5,0.0,41326.6,30365.45
O000358,2024-04-06,C00176,P0010,2,Rahul,8,0.0,153398.0,132247.52
O000359,2024-07-19,C00294,P0035,4,Meena,4,0.05,87072.52,67502.6
O000360,2024-07-04,C00124,P0034,5,Rahul,4,0.15,79937.91,74550.68
O000361,2024-10-30,C00055,P0016,4,Meena,8,0.1,69879.24,51907.44
O000362,2025-08-03,C00278,P0006,4,Sneha,10,0.0,209690.4,169417.8
O000363,2025-10-28,C00295,P0036,4,Vikram,5,0.05,63173.96,49367.3
O000364,2025-07-25,C00066,P0007,2,Priya,8,0.2,109699.26,100453.52
O000365,2024-02-09,C00178,P0051,3,Rahul,8,0.2,117117.5,110810.08
O000366,2025-06-21,C00236,P0041,4,Arun,4,0.05,78116.87,57861.92
O000367,2024-04-13,C00186,P0079,1,Rahul,9,0.0,170784.81,115455.78
O000368,2024-08-27,C00176,P0047,2,Priya,4,0.05,47104.8,37097.28
O000369,2025-07-27,C00187,P0052,5,Rahul,10,0.0,266880.0,186839.5
O000370,2025-04-01,C00118,P0013,4,Rahul,9,0.05,215849.88,172255.59
O000371,2024-11-17,C00075,P0095,1,Rahul,7,0.05,125893.34,95915.4
O000372,2025-12-28,C00265,P0069,4,Priya,5,0.0,57466.5,47201.05
O000373,2025-10-03,C00025,P0051,2,Arun,4,0.15,62218.67,55405.04
O000374,2025-01-23,C00050,P0058,5,Sneha,6,0.05,126919.85,108707.46
O000375,2025-03-20,C00132,P0045,1,Sneha,10,0.0,16612.2,13862.8
O000376,2025-04-01,C00276,P0023,1,Sneha,6,0.0,90935.22,61098.42
O000377,2025-02-16,C00229,P0011,5,Sneha,8,0.1,47610.79,43227.36
O000378,2024-05-21,C00086,P0082,4,Sneha,7,0.1,145678.24,112487.2
O000379,2025-03-29,C00037,P0011,2,Rahul,6,0.0,39675.66,32420.52
O000380,2024-09-12,C00137,P0078,3,Sneha,8,0.1,146032.49,110148.48
O000381,2025-11-22,C00267,P0058,3,Rahul,1,0.0,22266.64,18117.91
O000382,2024-07-31,C00129,P0096,4,Arun,4,0.0,82103.88,68906.76
O000383,2024-04-15,C00033,P0061,2,Arun,7,0.05,181340.65,130972.73
O000384,2025-12-28,C00054,P0034,3,Arun,7,0.0,164578.05,130463.69
O000385,2024-08-10,C00146,P0057,1,Rahul,9,0.15,128273.67,111340.71
O000386,2024-02-05,C00183,P0042,4,Priya,9,0.2,48202.13,44618.4
O000387,2025-03-14,C00070,P0090,5,Vikram,10,0.05,109248.29,80095.8
O000388,2025-07-24,C00289,P0056,4,Meena,9,0.0,67049.55,49787.82
O000389,2024-10-24,C00277,P0030,1,Priya,5,0.05,119321.57,97526.95
O000390,2024-08-20,C00156,P0002,2,Sneha,5,0.05,59140.16,52098.0
O000391,2024-01-13,C00252,P0097,1,Arun,7,0.1,25179.97,18744.88
O000392,2025-04-15,C00004,P0071,4,Priya,9,0.05,73311.03,61575.12
O000393,2024-08-12,C00200,P0049,1,Arun,7,0.1,30892.93,27765.08
O000394,2025-02-20,C00140,P0037,1,Vikram,5,0.05,37961.33,33625.55
O000395,2025-09-30,C00094,P0018,4,Meena,8,0.1,84252.74,75275.84
O000396,2024-08-29,C00252,P0025,1,Rahul,1,0.2,10158.13,9491.15
O000397,2024-01-29,C00053,P0037,1,Meena,8,0.1,57541.39,53800.88
O000398,2024-07-30,C00078,P0002,1,Sneha,7,0.0,87153.92,72937.2
O000399,2025-08-26,C00191,P0060,4,Arun,6,0.0,2036.88,1517.1
O000400,2025-07-26,C00075,P0008,4,Priya,2,0.05,9831.83,6994.84
O000401,2024-06-20,C00129,P0049,4,Arun,4,0.05,18633.83,15865.76
O000402,2025-12-15,C00127,P0095,1,Rahul,8,0.1,136305.58,109617.6
O000403,2024-04-07,C00107,P0061,3,Sneha,6,0.0,163615.62,112262.34
O000404,2025-07-11,C00282,P0067,4,Meena,5,0.0,41326.6,30365.45
O000405,2025-10-21,C00112,P0015,2,Priya,6,0.0,71340.72,56215.08
O000406,2025-08-23,C00300,P0016,4,Rahul,1,0.2,7764.36,6488.43
O000407,2025-04-05,C00244,P0089,3,Sneha,2,0.0,31151.22,22484.24
O000408,2025-02-08,C00174,P0098,1,Arun,6,0.1,70700.04,56043.78
O000409,2025-06-23,C00055,P0017,4,Sneha,9,0.1,164309.63,137242.8
O000410,2025-07-29,C00225,P0094,4,Meena,7,0.05,88561.71,63374.22
O000411,2024-05-12,C00021,P0063,3,Vikram,5,0.05,101970.34,90862.75
O000412,2025-02-02,C00291,P0024,3,Sneha,8,0.0,11144.96,8926.88
O000413,2025-09-15,C00284,P0021,2,Priya,5,0.15,38288.29,31786.95
O000414,2025-03-09,C00233,P0001,5,Vikram,7,0.1,168478.44,136162.18
O000415,2025-10-18,C00187,P0100,5,Sneha,2,0.1,10200.69,7782.68
O000416,2025-03-07,C00199,P0025,5,Priya,9,0.0,114278.94,85420.35
O000417,2024-09-06,C00210,P0083,3,Arun,9,0.1,166899.85,157335.57
O000418,2024-02-21,C00067,P0023,5,Rahul,2,0.05,28796.15,20366.14
O000419,2024-04-12,C00293,P0083,3,Meena,8,0.05,156597.39,139853.84
O000420,2025-06-23,C00132,P0007,2,Vikram,2,0.0,34281.02,25113.38
O000421,2025-11-11,C00252,P0011,1,Meena,1,0.05,6281.98,5403.42
O000422,2025-07-21,C00213,P0048,3,Arun,10,0.0,216995.6,154740.0
O000423,2024-02-17,C00037,P0039,2,Vikram,2,0.0,14955.46,10841.56
O000424,2024-07-29,C00198,P0025,4,Meena,4,0.05,48251.11,37964.6
O000425,2025-11-28,C00286,P0096,1,Meena,2,0.1,36946.75,34453.38
O000426,2025-04-02,C00235,P0090,5,Arun,3,0.1,31049.51,24028.74
O000427,2025-03-15,C00259,P0044,5,Vikram,10,0.05,112010.7,82959.9
O000428,2024-10-27,C00162,P0071,4,Sneha,6,0.05,48874.02,41050.08
O000429,2025-05-10,C00166,P0078,3,Vikram,4,0.05,77072.7,55074.24
O000430,2025-03-15,C00131,P0047,1,Priya,7,0.0,86772.0,64920.24
O000431,2024-02-11,C00146,P0077,2,Sneha,1,0.0,1647.88,1383.17
O000432,2024-07-22,C00162,P0003,4,Meena,5,0.15,23793.79,18809.85
O000433,2025-02-16,C00293,P0074,3,Arun,8,0.05,61789.52,52587.92
O000434,2024-05-15,C00188,P0075,2,Sneha,5,0.0,56065.2,45088.5
O000435,2024-11-30,C00112,P0094,3,Priya,3,0.05,37955.02,27160.38
O000436,2025-10-28,C00296,P0013,1,Sneha,1,0.1,22721.04,19139.51
O000437,2025-04-01,C00041,P0100,3,Sneha,7,0.05,37685.88,27239.38
O000438,2025-10-09,C00117,P0096,4,Vikram,1,0.1,18473.37,17226.69
O000439,2025-05-09,C00028,P0040,3,Sneha,9,0.05,167541.27,130228.11
O000440,2024-10-09,C00114,P0020,4,Priya,10,0.05,268189.47,192593.1
O000441,2024-04-04,C00222,P0038,2,Rahul,3,0.0,67240.47,47896.74
O000442,2025-01-23,C00026,P0071,1,Arun,7,0.05,57019.69,47891.76
O000443,2025-08-10,C00067,P0098,5,Rahul,8,0.05,99503.76,74725.04
O000444,2025-03-29,C00288,P0079,2,Vikram,4,0.0,75904.36,51313.68
O000445,2024-08-25,C00221,P0042,3,Vikram,2,0.0,13389.48,9915.2
O000446,2024-12-10,C00188,P0045,2,Sneha,10,0.1,14950.98,13862.8
O000447,2025-08-07,C00087,P0045,2,Priya,10,0.0,16612.2,13862.8
O000448,2024-02-22,C00120,P0026,4,Rahul,2,0.0,49630.42,35333.5
O000449,2024-03-02,C00076,P0037,1,Sneha,8,0.05,60738.14,53800.88
O000450,2024-10-12,C00276,P0028,1,Vikram,5,0.05,35888.58,29393.7
O000451,2025-05-03,C00073,P0089,1,Arun,7,0.05,103577.81,78694.84
O000452,2025-05-30,C00023,P0033,5,Sneha,4,0.1,45219.82,36884.88
O000453,2025-04-29,C00028,P0060,3,Arun,2,0.05,645.01,505.7
O000454,2024-08-28,C00185,P0014,4,Rahul,7,0.05,12447.54,11189.57
O000455,2025-06-29,C00162,P0063,4,Vikram,2,0.0,42934.88,36345.1
O000456,2025-02-09,C00235,P0072,5,Arun,1,0.0,25098.96,17144.51
O000457,2025-03-01,C00171,P0063,4,Rahul,1,0.0,21467.44,18172.55
O000458,2024-10-27,C00155,P0031,3,Vikram,5,0.15,78459.25,75680.3
O000459,2025-05-05,C00199,P0004,5,Sneha,4,0.0,88683.52,66612.44
O000460,2025-10-27,C00071,P0012,1,Vikram,10,0.15,144467.78,128339.8
O000461,2025-06-14,C00214,P0031,3,Priya,5,0.15,78459.25,75680.3
O000462,2024-10-10,C00278,P0017,4,Rahul,10,0.05,192708.83,152492.0
O000463,2025-08-26,C00071,P0040,1,Vikram,3,0.05,55847.09,43409.37
O000464,2025-11-04,C00075,P0084,4,Rahul,6,0.0,64708.74,43988.58
O000465,2025-03-03,C00061,P0024,2,Rahul,1,0.1,1253.81,1115.86
O000466,2025-10-16,C00212,P0053,3,Meena,5,0.0,77281.25,57667.55
O000467,2024-06-25,C00068,P0024,5,Vikram,5,0.1,6269.04,5579.3
O000468,2025-04-26,C00119,P0030,5,Sneha,2,0.1,45216.59,39010.78
O000469,2025-01-23,C00258,P0078,5,Meena,6,0.0,121693.74,82611.36
O000470,2024-11-22,C00243,P0018,5,Rahul,1,0.05,11116.68,9409.48
O000471,2025-12-11,C00139,P0053,5,Meena,4,0.1,55642.5,46134.04
O000472,2024-03-13,C00225,P0079,4,Sneha,8,0.15,129037.41,102627.36
O000473,2024-12-20,C00022,P0078,3,Priya,6,0.05,115609.05,82611.36
O000474,2025-11-23,C00293,P0077,3,Meena,1,0.05,1565.49,1383.17
O000475,2025-01-06,C00022,P0032,3,Priya,1,0.05,1049.13,949.06
O000476,2025-02-20,C00026,P0025,1,Priya,5,0.1,57139.47,47455.75
O000477,2024-09-08,C00086,P0055,4,Arun,9,0.15,142227.58,118539.45
O000478,2025-01-14,C00232,P0012,2,Arun,3,0.1,45889.77,38501.94
O000479,2025-11-22,C00280,P0018,3,Sneha,8,0.0,93614.16,75275.84
O000480,2025-01-07,C00104,P0059,3,Meena,3,0.1,31602.5,25062.09
O000481,2024-05-03,C00059,P0091,1,Sneha,2,0.05,2532.4,2098.0
O000482,2024-11-19,C00262,P0079,1,Priya,9,0.05,162245.57,115455.78
O000483,2025-08-06,C00172,P0073,4,Rahul,3,0.15,6606.9,5615.22
O000484,2024-06-18,C00027,P0054,5,Meena,8,0.0,59186.64,47323.92
O000485,2024-06-19,C00068,P0026,3,Arun,8,0.05,188595.6,141334.0
O000486,2025-02-08,C00003,P0078,5,Rahul,4,0.05,77072.7,55074.24
O000487,2025-01-23,C00210,P0057,5,Arun,4,0.15,57010.52,49484.76
O000488,2024-09-02,C00286,P0027,2,Arun,6,0.0,65603.04,48609.3
O000489,2025-09-30,C00296,P0078,1,Arun,1,0.0,20282.29,13768.56
O000490,2025-12-27,C00083,P0087,2,Meena,10,0.05,180484.32,143808.2
O000491,2025-03-23,C00234,P0096,4,Arun,2,0.1,36946.75,34453.38
O000492,2024-10-06,C00195,P0009,2,Vikram,2,0.0,36777.08,25091.82
O000493,2024-05-12,C00141,P0043,3,Vikram,4,0.1,41563.76,35618.48
O000494,2025-04-25,C00056,P0074,4,Meena,9,0.2,58537.44,59161.41
O000495,2025-01-28,C00148,P0055,4,Sneha,5,0.05,88311.24,65855.25
O000496,2025-12-27,C00182,P0017,5,Priya,9,0.1,164309.63,137242.8
O000497,2025-02-07,C00093,P0079,4,Sneha,4,0.0,75904.36,51313.68
O000498,2024-01-31,C00061,P0095,2,Vikram,7,0.05,125893.34,95915.4
O000499,2024-10-14,C00287,P0082,2,Meena,4,0.1,83244.71,64278.4
O000500,2024-08-16,C00035,P0040,4,Vikram,6,0.1,105815.54,86818.74
O000501,2024-04-25,C00171,P0044,4,Vikram,10,0.2,94324.8,82959.9
O000502,2025-09-16,C00100,P0043,3,Meena,8,0.15,78509.33,71236.96
O000503,2025-08-25,C00070,P0062,5,Priya,9,0.15,144980.2,136393.47
O000504,2025-01-14,C00212,P0096,5,Sneha,10,0.1,184733.73,172266.9
O000505,2024-09-30,C00275,P0003,2,Meena,6,0.1,30232.12,22571.82
O000506,2025-10-21,C00182,P0009,5,Sneha,1,0.0,18388.54,12545.91
O000507,2024-11-13,C00274,P0022,3,Priya,3,0.05,36033.32,30151.14
O000508,2025-10-07,C00158,P0091,4,Meena,1,0.0,1332.84,1049.0
O000509,2024-04-01,C00122,P0048,2,Sneha,4,0.05,82458.33,61896.0
O000510,2024-06-14,C00192,P0005,2,Arun,8,0.05,69656.89,52438.56
O000511,2025-08-26,C00257,P0020,3,Priya,9,0.0,254074.23,173333.79
O000512,2024-10-09,C00051,P0067,2,Rahul,4,0.1,29755.15,24292.36
O000513,2025-01-11,C00268,P0015,1,Meena,10,0.15,101066.02,93691.8
O000514,2024-10-13,C00024,P0014,3,Meena,5,0.0,9359.05,7992.55
O000515,2025-07-31,C00108,P0042,5,Sneha,5,0.05,31800.01,24788.0
O000516,2025-08-09,C00061,P0035,3,Arun,1,0.2,18331.06,16875.65
O000517,2025-03-21,C00053,P0027,1,Vikram,6,0.0,65603.04,48609.3
O000518,2025-11-25,C00146,P0074,1,Arun,5,0.1,36585.9,32867.45
O000519,2024-10-17,C00228,P0007,4,Meena,1,0.0,17140.51,12556.69
O000520,2024-03-01,C00219,P0051,5,Vikram,10,0.1,164696.49,138512.6
O000521,2025-06-16,C00229,P0079,5,Sneha,4,0.1,68313.92,51313.68
O000522,2025-06-03,C00274,P0011,3,Priya,10,0.0,66126.1,54034.2
O000523,2025-09-04,C00240,P0013,5,Meena,8,0.05,191866.56,153116.08
O000524,2025-11-28,C00074,P0079,4,Sneha,7,0.0,132832.63,89798.94
O000525,2025-11-09,C00170,P0042,5,Arun,2,0.05,12720.01,9915.2
O000526,2024-10-27,C00237,P0022,5,Sneha,10,0.05,120111.07,100503.8
O000527,2025-02-14,C00208,P0092,5,Sneha,9,0.1,177863.53,168313.23
O000528,2025-08-22,C00273,P0060,3,Priya,4,0.1,1222.13,1011.4
O000529,2025-03-13,C00247,P0050,2,Meena,10,0.05,267337.32,188384.9
O000530,2025-12-18,C00291,P0044,3,Rahul,3,0.1,31834.62,24887.97
O000531,2024-03-24,C00294,P0063,5,Priya,6,0.05,122364.41,109035.3
O000532,2025-09-09,C00091,P0040,4,Arun,10,0.0,195954.7,144697.9
O000533,2025-09-04,C00195,P0042,2,Meena,1,0.0,6694.74,4957.6
O000534,2025-09-06,C00298,P0097,4,Arun,3,0.1,10791.41,8033.52
O000535,2025-01-07,C00150,P0050,2,Priya,4,0.0,112563.08,75353.96
O000536,2025-10-15,C00154,P0073,3,Meena,5,0.15,11011.5,9358.7
O000537,2025-11-21,C00177,P0012,4,Vikram,9,0.05,145317.6,115505.82
O000538,2024-05-06,C00151,P0008,2,Vikram,1,0.0,5174.65,3497.42
O000539,2025-03-21,C00184,P0015,5,Arun,4,0.05,45182.46,37476.72
O000540,2025-04-11,C00163,P0092,4,Priya,7,0.05,146023.76,130910.29
O000541,2025-05-29,C00244,P0018,3,Priya,6,0.15,59679.03,56456.88
O000542,2024-05-29,C00065,P0018,1,Rahul,8,0.1,84252.74,75275.84
O000543,2025-12-15,C00070,P0011,4,Priya,10,0.2,52900.88,54034.2
O000544,2025-05-03,C00233,P0066,5,Priya,7,0.05,36138.56,26938.03
O000545,2024-06-23,C00004,P0074,4,Meena,4,0.1,29268.72,26293.96
O000546,2024-08-27,C00280,P0074,3,Arun,10,0.05,77236.9,65734.9
O000547,2024-11-08,C00298,P0062,4,Arun,3,0.1,51169.48,45464.49
O000548,2025-02-27,C00144,P0060,1,Vikram,10,0.0,3394.8,2528.5
O000549,2025-01-20,C00040,P0088,4,Vikram,5,0.1,54751.55,45753.15
O000550,2025-10-31,C00274,P0100,4,Vikram,8,0.05,43069.58,31130.72
O000551,2024-10-12,C00181,P0038,4,Arun,10,0.1,201721.41,159655.8
O000552,2025-07-10,C00289,P0034,4,Vikram,3,0.05,67006.78,55913.01
O000553,2025-05-25,C00150,P0095,2,Sneha,8,0.0,151450.64,109617.6
O000554,2025-02-12,C00143,P0033,3,Sneha,5,0.0,62805.3,46106.1
O000555,2024-04-23,C00090,P0076,2,Meena,8,0.05,127164.26,115993.76
O000556,2024-06-15,C00121,P0063,3,Vikram,1,0.0,21467.44,18172.55
O000557,2024-03-30,C00075,P0077,4,Rahul,8,0.1,11864.74,11065.36
O000558,2024-12-10,C00197,P0031,2,Meena,3,0.0,55383.0,45408.18
O000559,2025-07-15,C00177,P0007,4,Arun,1,0.0,17140.51,12556.69
O000560,2024-11-30,C00155,P0061,3,Vikram,4,0.05,103623.23,74841.56
O000561,2025-06-26,C00243,P0034,4,Arun,5,0.2,94044.6,93188.35
O000562,2025-01-04,C00162,P0068,4,Arun,2,0.15,45072.3,39567.24
O000563,2025-05-12,C00222,P0079,2,Sneha,6,0.0,113856.54,76970.52
O000564,2025-08-28,C00131,P0084,1,Priya,4,0.1,38825.24,29325.72
O000565,2025-04-10,C00100,P0067,3,Meena,3,0.0,24795.96,18219.27
O000566,2024-01-16,C00005,P0009,1,Vikram,2,0.1,33099.37,25091.82
O000567,2024-10-27,C00146,P0033,1,Arun,10,0.0,125610.6,92212.2
O000568,2025-11-22,C00112,P0077,2,Meena,2,0.0,3295.76,2766.34
O000569,2025-04-21,C00193,P0085,5,Meena,10,0.15,187525.98,180723.3
O000570,2024-06-22,C00057,P0090,3,Sneha,8,0.1,82798.7,64076.64
O000571,2024-03-22,C00233,P0036,5,Meena,6,0.0,79798.68,59240.76
O000572,2025-08-14,C00142,P0100,4,Sneha,1,0.0,5667.05,3891.34
O000573,2025-09-04,C00092,P0057,2,Vikram,7,0.0,117374.6,86598.33
O000574,2025-02-03,C00074,P0070,4,Rahul,10,0.1,181701.9,146627.2
O000575,2025-11-06,C00133,P0014,1,Vikram,5,0.1,8423.15,7992.55
O000576,2024-01-25,C00255,P0020,3,Arun,1,0.1,25407.42,19259.31
O000577,2024-08-25,C00169,P0051,3,Vikram,8,0.05,139077.04,110810.08
O000578,2024-12-03,C00036,P0070,4,Priya,8,0.0,161512.8,117301.76
O000579,2025-03-05,C00184,P0043,5,Priya,1,0.1,10390.94,8904.62
O000580,2025-12-05,C00047,P0047,5,Sneha,2,0.15,21073.2,18548.64
O000581,2025-08-01,C00149,P0083,4,Vikram,1,0.2,16483.94,17481.73
O000582,2025-05-28,C00154,P0090,3,Arun,6,0.05,65548.97,48057.48
O000583,2025-10-20,C00225,P0095,4,Arun,4,0.0,75725.32,54808.8
O000584,2025-12-28,C00123,P0063,2,Vikram,5,0.05,101970.34,90862.75
O000585,2025-12-09,C00231,P0003,1,Sneha,1,0.05,5318.61,3761.97
O000586,2024-07-14,C00268,P0059,5,Vikram,3,0.1,31602.5,25062.09
O000587,2024-07-30,C00037,P0005,2,Priya,1,0.05,8707.11,6554.82
O000588,2025-11-09,C00024,P0032,3,Rahul,1,0.0,1104.35,949.06
O000589,2024-02-27,C00158,P0013,4,Rahul,10,0.0,252456.0,191395.1
O000590,2025-09-07,C00059,P0064,1,Vikram,4,0.0,85773.76,59251.72
O000591,2024-07-06,C00173,P0095,3,Sneha,2,0.2,30290.13,27404.4
O000592,2025-04-01,C00071,P0042,1,Rahul,1,0.05,6360.0,4957.6
O000593,2024-10-15,C00062,P0036,4,Rahul,6,0.05,75808.75,59240.76
O000594,2024-12-28,C00298,P0006,5,Priya,3,0.0,62907.12,50825.34
O000595,2025-01-31,C00004,P0001,4,Arun,10,0.15,227312.18,194517.4
O000596,2024-12-12,C00244,P0089,2,Meena,5,0.05,73984.15,56210.6
O000597,2024-12-09,C00090,P0079,2,Vikram,3,0.1,51235.44,38485.26
O000598,2025-04-25,C00046,P0081,5,Sneha,6,0.05,144390.06,118670.58
O000599,2025-03-20,C00099,P0016,3,Arun,10,0.05,92201.77,64884.3
O000600,2025-08-01,C00277,P0065,1,Meena,4,0.0,85594.6,70650.24
O000601,2024-06-29,C00077,P0088,4,Priya,8,0.0,97336.08,73205.04
O000602,2025-06-03,C00023,P0007,5,Sneha,4,0.05,65133.94,50226.76
O000603,2024-10-14,C00233,P0006,1,Vikram,3,0.0,62907.12,50825.34
O000604,2024-02-06,C00264,P0015,2,Meena,8,0.05,90364.91,74953.44
O000605,2024-10-08,C00102,P0096,2,Sneha,4,0.1,73893.49,68906.76
O000606,2024-10-08,C00051,P0031,2,Rahul,7,0.15,109842.95,105952.42
O000607,2024-03-20,C00300,P0063,4,Rahul,4,0.2,68695.81,72690.2
O000608,2025-01-08,C00199,P0048,2,Meena,6,0.2,104157.89,92844.0
O000609,2024-07-06,C00066,P0005,2,Arun,5,0.0,45826.9,32774.1
O000610,2025-09-28,C00235,P0054,5,Sneha,4,0.15,25154.32,23661.96
O000611,2025-04-20,C00088,P0074,2,Rahul,2,0.05,15447.38,13146.98
O000612,2025-02-23,C00111,P0076,5,Priya,5,0.0,83660.7,72496.1
O000613,2024-12-20,C00127,P0032,1,Vikram,4,0.15,3754.79,3796.24
O000614,2025-04-12,C00077,P0074,4,Priya,1,0.0,8130.2,6573.49
O000615,2025-01-19,C00259,P0005,5,Priya,8,0.15,62324.58,52438.56
O000616,2025-06-20,C00051,P0058,2,Arun,9,0.1,180359.78,163061.19
O000617,2025-06-18,C00209,P0028,3,Rahul,2,0.0,15110.98,11757.48
O000618,2025-06-02,C00083,P0091,2,Vikram,10,0.0,13328.4,10490.0
O000619,2025-01-08,C00071,P0091,1,Sneha,8,0.1,9596.45,8392.0
O000620,2024-01-03,C00037,P0050,2,Sneha,9,0.0,253266.93,169546.41
O000621,2024-12-19,C00139,P0090,5,Vikram,10,0.1,103498.38,80095.8
O000622,2025-08-18,C00042,P0080,4,Meena,1,0.05,5115.76,4499.7
O000623,2025-11-04,C00187,P0007,3,Priya,10,0.0,171405.1,125566.9
O000624,2024-11-06,C00287,P0091,2,Rahul,6,0.0,7997.04,6294.0
O000625,2024-04-24,C00245,P0095,3,Vikram,4,0.1,68152.79,54808.8
O000626,2025-08-01,C00165,P0046,2,Vikram,7,0.0,184096.57,139739.18
O000627,2024-03-10,C00177,P0058,4,Vikram,2,0.05,42306.62,36235.82
O000628,2025-03-02,C00273,P0038,3,Sneha,2,0.0,44826.98,31931.16
O000629,2025-10-19,C00045,P0011,1,Rahul,5,0.2,26450.44,27017.1
O000630,2024-03-23,C00085,P0036,2,Priya,3,0.15,33914.44,29620.38
O000631,2025-02-23,C00012,P0038,2,Meena,9,0.2,161377.13,143690.22
O000632,2025-01-21,C00216,P0057,4,Arun,5,0.0,83839.0,61855.95
O000633,2024-01-29,C00119,P0067,5,Priya,10,0.0,82653.2,60730.9
O000634,2025-05-18,C00168,P0063,2,Meena,9,0.15,164225.92,163552.95
O000635,2025-01-01,C00156,P0073,3,Rahul,5,0.0,12954.7,9358.7
O000636,2024-11-10,C00148,P0099,4,Rahul,6,0.0,122379.54,98962.2
O000637,2025-12-03,C00083,P0092,2,Rahul,3,0.15,55994.07,56104.41
O000638,2025-06-18,C00079,P0021,2,Arun,6,0.05,51351.36,38144.34
O000639,2024-12-29,C00190,P0024,1,Meena,1,0.1,1253.81,1115.86
O000640,2025-12-17,C00076,P0048,1,Rahul,9,0.0,195296.04,139266.0
O000641,2025-11-11,C00208,P0064,5,Priya,6,0.0,128660.64,88877.58
O000642,2025-12-12,C00280,P0065,3,Meena,5,0.05,101643.59,88312.8
O000643,2024-09-11,C00294,P0086,5,Meena,8,0.0,71008.8,53305.12
O000644,2024-04-23,C00246,P0006,5,Arun,5,0.0,104845.2,84708.9
O000645,2025-04-29,C00113,P0058,5,Sneha,1,0.1,20039.98,18117.91
O000646,2024-07-01,C00270,P0029,5,Sneha,4,0.0,90474.36,66129.72
O000647,2025-03-07,C00229,P0087,5,Arun,9,0.05,162435.89,129427.38
O000648,2025-02-02,C00262,P0008,1,Sneha,7,0.0,36222.55,24481.94
O000649,2025-09-30,C00190,P0050,1,Sneha,6,0.05,160402.39,113030.94
O000650,2025-12-17,C00288,P0012,2,Priya,7,0.15,101127.45,89837.86
O000651,2024-09-10,C00218,P0094,1,Rahul,10,0.05,126516.72,90534.6
O000652,2024-05-20,C00156,P0061,4,Vikram,6,0.0,163615.62,112262.34
O000653,2025-12-06,C00193,P0012,3,Priya,3,0.05,48439.2,38501.94
O000654,2025-06-29,C00071,P0026,1,Priya,5,0.05,117872.25,88333.75
O000655,2024-02-19,C00155,P0075,3,Vikram,8,0.0,89704.32,72141.6
O000656,2025-08-21,C00079,P0034,2,Meena,8,0.0,188089.2,149101.36
O000657,2025-05-31,C00148,P0054,4,Meena,4,0.0,29593.32,23661.96
O000658,2025-08-04,C00253,P0009,4,Sneha,10,0.05,174691.13,125459.1
O000659,2024-12-26,C00133,P0081,4,Meena,2,0.05,48130.02,39556.86
O000660,2025-07-14,C00009,P0034,2,Arun,3,0.0,70533.45,55913.01
O000661,2025-10-15,C00070,P0046,5,Sneha,6,0.05,149907.21,119776.44
O000662,2025-11-06,C00183,P0007,4,Vikram,2,0.05,32566.97,25113.38
O000663,2025-08-05,C00094,P0098,2,Vikram,6,0.15,66772.26,56043.78
O000664,2025-09-13,C00155,P0035,3,Meena,6,0.0,137482.92,101253.9
O000665,2025-04-04,C00074,P0002,3,Sneha,8,0.05,94624.26,83356.8
O000666,2025-11-11,C00084,P0014,5,Vikram,4,0.15,6364.15,6394.04
O000667,2025-08-23,C00287,P0079,2,Vikram,9,0.1,153706.33,115455.78
O000668,2025-06-24,C00059,P0054,1,Arun,2,0.15,12577.16,11830.98
O000669,2025-11-13,C00246,P0045,5,Sneha,3,0.15,4236.11,4158.84
O000670,2025-10-22,C00268,P0098,5,Rahul,5,0.0,65463.0,46703.15
O000671,2025-09-05,C00114,P0017,4,Rahul,4,0.0,81140.56,60996.8
O000672,2024-07-12,C00041,P0055,4,Arun,2,0.0,37183.68,26342.1
O000673,2025-01-29,C00221,P0006,3,Arun,9,0.05,179285.29,152476.02
O000674,2025-01-18,C00130,P0006,1,Arun,2,0.2,33550.46,33883.56
O000675,2024-07-09,C00103,P0024,2,Arun,2,0.0,2786.24,2231.72
O000676,2025-07-23,C00143,P0075,4,Rahul,9,0.1,90825.62,81159.3
O000677,2025-04-26,C00259,P0073,5,Arun,9,0.0,23318.46,16845.66
O000678,2024-06-28,C00145,P0022,4,Vikram,1,0.2,10114.62,10050.38
O000679,2024-04-11,C00110,P0065,2,Priya,6,0.1,115552.71,105975.36
O000680,2024-06-23,C00055,P0024,4,Priya,7,0.0,9751.84,7811.02
O000681,2024-07-26,C00058,P0098,1,Arun,8,0.0,104740.8,74725.04
O000682,2024-05-13,C00185,P0091,4,Meena,1,0.0,1332.84,1049.0
O000683,2025-02-04,C00198,P0037,4,Meena,5,0.1,35963.37,33625.55
O000684,2025-09-22,C00116,P0071,2,Priya,4,0.15,29152.93,27366.72
O000685,2025-10-26,C00244,P0087,3,Arun,8,0.1,136788.12,115046.56
O000686,2024-11-28,C00268,P0085,5,Arun,3,0.05,62876.36,54216.99
O000687,2025-06-19,C00053,P0095,1,Rahul,2,0.05,35969.53,27404.4
O000688,2024-07-04,C00103,P0077,2,Priya,2,0.0,3295.76,2766.34
O000689,2024-12-18,C00256,P0036,2,Vikram,10,0.0,132997.8,98734.6
O000690,2025-08-20,C00205,P0046,4,Vikram,7,0.2,147277.26,139739.18
O000691,2025-02-16,C00076,P0099,1,Arun,5,0.05,96883.8,82468.5
O000692,2024-07-28,C00069,P0004,1,Arun,8,0.1,159630.34,133224.88
O000693,2025-12-13,C00196,P0078,1,Rahul,5,0.1,91270.31,68842.8
O000694,2024-04-09,C00040,P0085,4,Priya,8,0.0,176495.04,144578.64
O000695,2025-05-29,C00252,P0065,1,Sneha,9,0.05,182958.46,158963.04
O000696,2025-12-01,C00017,P0056,4,Arun,7,0.05,49542.17,38723.86
O000697,2025-09-29,C00227,P0059,2,Vikram,5,0.15,49744.68,41770.15
O000698,2024-06-06,C00221,P0018,3,Priya,8,0.1,84252.74,75275.84
O000699,2025-03-27,C00252,P0085,1,Vikram,10,0.05,209587.86,180723.3
O000700,2025-03-23,C00081,P0065,3,Priya,10,0.2,171189.2,176625.6
O000701,2025-04-29,C00181,P0099,4,Sneha,1,0.0,20396.59,16493.7
O000702,2024-02-22,C00188,P0045,2,Vikram,1,0.1,1495.1,1386.28
O000703,2025-05-04,C00195,P0013,2,Sneha,7,0.05,167883.24,133976.57
O000704,2025-05-28,C00127,P0031,1,Vikram,2,0.15,31383.7,30272.12
O000705,2024-03-12,C00157,P0015,3,Arun,9,0.0,107011.08,84322.62
O000706,2025-01-12,C00217,P0073,5,Priya,5,0.0,12954.7,9358.7
O000707,2025-01-19,C00012,P0041,2,Priya,6,0.05,117175.3,86792.88
O000708,2025-09-01,C00052,P0089,5,Sneha,8,0.05,118374.64,89936.96
O000709,2025-08-04,C00174,P0022,1,Sneha,7,0.0,88502.89,70352.66
O000710,2025-05-11,C00039,P0069,5,Sneha,1,0.0,11493.3,9440.21
O000711,2025-03-31,C00116,P0080,2,Arun,10,0.0,53850.1,44997.0
O000712,2024-10-16,C00035,P0073,4,Priya,7,0.0,18136.58,13102.18
O000713,2025-08-24,C00155,P0065,3,Priya,9,0.0,192587.85,158963.04
O000714,2024-12-11,C00129,P0080,4,Meena,9,0.0,48465.09,40497.3
O000715,2024-01-25,C00265,P0024,4,Rahul,8,0.0,11144.96,8926.88
O000716,2025-05-13,C00223,P0073,3,Arun,9,0.0,23318.46,16845.66
O000717,2025-01-14,C00124,P0020,5,Sneha,7,0.05,187732.63,134815.17
O000718,2025-10-04,C00033,P0082,2,Priya,5,0.15,98275.0,80348.0
O000719,2025-05-18,C00132,P0088,2,Priya,4,0.0,48668.04,36602.52
O000720,2024-06-28,C00126,P0040,4,Vikram,7,0.05,130309.88,101288.53
O000721,2025-11-02,C00104,P0021,3,Arun,5,0.1,40540.55,31786.95
O000722,2024-09-02,C00282,P0023,4,Arun,8,0.1,109122.26,81464.56
O000723,2024-03-03,C00043,P0041,5,Arun,7,0.15,122314.57,101258.36
O000724,2025-06-04,C00047,P0051,5,Meena,3,0.0,54898.83,41553.78
O000725,2025-03-29,C00257,P0016,3,Vikram,9,0.0,87349.05,58395.87
O000726,2025-10-19,C00122,P0077,3,Sneha,10,0.1,14830.92,13831.7
O000727,2025-08-30,C00121,P0055,3,Arun,3,0.0,55775.52,39513.15
O000728,2024-08-31,C00210,P0033,3,Arun,8,0.05,95464.06,73769.76
O000729,2025-06-22,C00058,P0041,1,Priya,4,0.2,65782.62,57861.92
O000730,2025-10-16,C00075,P0047,4,Sneha,5,0.0,61980.0,46371.6
O000731,2025-12-10,C00018,P0095,1,Arun,4,0.0,75725.32,54808.8
O000732,2024-11-20,C00186,P0088,2,Priya,7,0.0,85169.07,64054.41
O000733,2025-12-06,C00131,P0039,2,Sneha,4,0.15,25424.28,21683.12
O000734,2024-06-02,C00225,P0081,4,Meena,7,0.1,159589.02,138449.01
O000735,2024-08-30,C00042,P0100,4,Priya,7,0.2,31735.48,27239.38
O000736,2024-10-13,C00217,P0013,5,Meena,5,0.05,119916.6,95697.55
O000737,2024-10-27,C00281,P0095,2,Meena,1,0.1,17038.2,13702.2
O000738,2025-05-15,C00095,P0081,1,Meena,3,0.0,75994.77,59335.29
O000739,2024-07-04,C00157,P0041,3,Arun,3,0.0,61671.21,43396.44
O000740,2025-07-01,C00067,P0077,5,Sneha,8,0.05,12523.89,11065.36
O000741,2025-07-16,C00134,P0023,3,Sneha,5,0.0,75779.35,50915.35
O000742,2024-12-11,C00094,P0051,4,Vikram,4,0.0,73198.44,55405.04
O000743,2024-01-30,C00286,P0083,1,Rahul,2,0.2,32967.87,34963.46
O000744,2024-07-03,C00087,P0007,2,Priya,10,0.0,171405.1,125566.9
O000745,2024-04-03,C00189,P0022,1,Arun,1,0.1,11378.94,10050.38
O000746,2024-12-25,C00233,P0087,5,Rahul,4,0.0,75993.4,57523.28
O000747,2025-10-05,C00137,P0037,3,Priya,3,0.05,22776.8,20175.33
O000748,2024-07-10,C00111,P0037,5,Rahul,7,0.0,55943.02,47075.77
O000749,2025-08-22,C00015,P0038,4,Rahul,10,0.05,212928.15,159655.8
O000750,2024-08-11,C00299,P0088,5,Arun,1,0.05,11558.66,9150.63
O000751,2025-10-11,C00204,P0088,1,Priya,7,0.1,76652.16,64054.41
O000752,2024-08-17,C00049,P0072,3,Rahul,8,0.15,170672.93,137156.08
O000753,2025-12-28,C00024,P0001,3,Vikram,7,0.0,187198.27,136162.18
O000754,2024-11-27,C00190,P0017,1,Vikram,1,0.05,19270.88,15249.2
O000755,2024-08-20,C00258,P0064,5,Priya,3,0.0,64330.32,44438.79
O000756,2025-06-29,C00222,P0019,2,Sneha,1,0.2,1367.77,1154.52
O000757,2025-02-08,C00144,P0096,1,Priya,5,0.15,87235.37,86133.45
O000758,2024-08-22,C00136,P0067,2,Rahul,6,0.1,44632.73,36438.54
O000759,2025-02-02,C00078,P0072,1,Meena,8,0.0,200791.68,137156.08
O000760,2024-05-24,C00118,P0024,3,Rahul,8,0.05,10587.71,8926.88
O000761,2025-12-28,C00254,P0006,1,Meena,9,0.05,179285.29,152476.02
O000762,2025-02-04,C00076,P0016,1,Rahul,5,0.0,48527.25,32442.15
O000763,2024-06-09,C00261,P0035,1,Meena,10,0.0,229138.2,168756.5
O000764,2025-12-29,C00003,P0068,5,Rahul,7,0.2,148473.47,138485.34
O000765,2024-08-09,C00256,P0087,3,Arun,5,0.1,85492.57,71904.1
O000766,2025-06-10,C00202,P0048,3,Arun,6,0.0,130197.36,92844.0
O000767,2024-03-27,C00246,P0059,5,Sneha,10,0.1,105341.67,83540.3
O000768,2024-10-11,C00023,P0084,5,Priya,6,0.2,51766.99,43988.58
O000769,2025-12-30,C00292,P0017,1,Arun,5,0.0,101425.7,76246.0
O000770,2024-03-03,C00037,P0071,2,Priya,2,0.05,16291.34,13683.36
O000771,2024-06-17,C00205,P0012,2,Rahul,7,0.1,107076.12,89837.86
O000772,2024-09-08,C00079,P0016,2,Priya,5,0.15,41248.16,32442.15
O000773,2025-04-20,C00184,P0086,3,Vikram,4,0.05,33729.18,26652.56
O000774,2025-10-20,C00244,P0035,3,Priya,2,0.1,41244.88,33751.3
O000775,2025-09-02,C00096,P0056,4,Arun,1,0.05,7077.45,5531.98
O000776,2025-12-14,C00115,P0083,5,Rahul,8,0.05,156597.39,139853.84
O000777,2025-05-19,C00043,P0038,5,Arun,8,0.0,179307.92,127724.64
O000778,2025-12-21,C00154,P0032,3,Sneha,10,0.0,11043.5,9490.6
O000779,2024-03-23,C00024,P0066,4,Priya,2,0.05,10325.3,7696.58
O000780,2025-07-06,C00130,P0046,3,Arun,9,0.0,236695.59,179664.66
O000781,2025-07-19,C00237,P0023,5,Priya,1,0.0,15155.87,10183.07
O000782,2025-10-14,C00153,P0041,4,Priya,8,0.1,148010.9,115723.84
O000783,2024-08-24,C00096,P0028,4,Meena,10,0.0,75554.9,58787.4
O000784,2025-06-05,C00223,P0069,4,Arun,1,0.0,11493.3,9440.21
O000785,2025-01-24,C00208,P0085,5,Vikram,8,0.0,176495.04,144578.64
O000786,2025-09-04,C00185,P0089,4,Meena,7,0.15,92674.88,78694.84
O000787,2024-04-02,C00070,P0002,5,Arun,4,0.15,42331.9,41678.4
O000788,2024-07-12,C00075,P0084,4,Meena,9,0.0,97063.11,65982.87
O000789,2024-09-20,C00238,P0019,4,Arun,2,0.0,3419.42,2309.04
O000790,2024-05-27,C00228,P0063,4,Priya,10,0.0,214674.4,181725.5
O000791,2024-09-15,C00201,P0007,1,Arun,7,0.2,95986.86,87896.83
O000792,2025-09-26,C00297,P0077,5,Sneha,1,0.05,1565.49,1383.17
O000793,2025-01-30,C00250,P0030,3,Vikram,1,0.05,23864.31,19505.39
O000794,2024-10-01,C00033,P0035,2,Priya,8,0.0,183310.56,135005.2
O000795,2025-05-03,C00178,P0058,3,Arun,3,0.0,66799.92,54353.73
O000796,2024-06-28,C00177,P0057,4,Rahul,10,0.15,142526.3,123711.9
O000797,2024-10-18,C00240,P0017,5,Meena,7,0.2,113596.78,106744.4
O000798,2025-09-17,C00185,P0061,4,Rahul,10,0.0,272692.7,187103.9
O000799,2025-06-16,C00045,P0086,1,Rahul,4,0.0,35504.4,26652.56
O000800,2025-02-03,C00213,P0064,3,Rahul,9,0.0,192990.96,133316.37
O000801,2024-01-25,C00134,P0046,3,Rahul,9,0.0,236695.59,179664.66
O000802,2024-03-11,C00221,P0015,3,Arun,9,0.0,107011.08,84322.62
O000803,2024-08-18,C00175,P0046,5,Vikram,5,0.15,111772.92,99813.7
O000804,2025-09-29,C00264,P0078,2,Meena,1,0.2,16225.83,13768.56
O000805,2024-12-27,C00235,P0097,1,Vikram,10,0.1,35971.38,26778.4
O000806,2025-11-28,C00288,P0006,2,Rahul,2,0.15,35647.37,33883.56
O000807,2025-11-05,C00081,P0094,4,Priya,9,0.05,113865.05,81481.14
O000808,2025-10-10,C00079,P0083,2,Rahul,2,0.15,35028.36,34963.46
O000809,2024-12-28,C00213,P0099,3,Rahul,8,0.0,163172.72,131949.6
O000810,2025-02-12,C00044,P0035,4,Priya,6,0.1,123734.63,101253.9
O000811,2024-08-09,C00272,P0054,4,Rahul,7,0.05,49198.89,41408.43
O000812,2024-12-07,C00235,P0067,5,Sneha,1,0.05,7852.05,6073.09
O000813,2025-08-07,C00265,P0009,3,Priya,3,0.05,52407.34,37637.73
O000814,2024-11-26,C00019,P0085,1,Rahul,10,0.0,220618.8,180723.3
O000815,2025-05-08,C00267,P0038,3,Meena,9,0.15,171463.2,143690.22
O000816,2025-07-07,C00161,P0045,3,Vikram,10,0.2,13289.76,13862.8
O000817,2025-06-23,C00229,P0083,5,Vikram,10,0.1,185444.28,174817.3
O000818,2025-05-22,C00177,P0084,4,Rahul,5,0.0,53923.95,36657.15
O000819,2025-03-06,C00200,P0093,1,Rahul,9,0.2,84460.54,74394.09
O000820,2024-09-07,C00048,P0066,3,Vikram,6,0.1,29345.6,23089.74
O000821,2024-06-02,C00015,P0070,4,Rahul,5,0.1,90850.95,73313.6
O000822,2025-12-22,C00057,P0094,3,Sneha,9,0.05,113865.05,81481.14
O000823,2024-02-24,C00064,P0058,2,Meena,1,0.05,21153.31,18117.91
O000824,2025-12-20,C00298,P0073,4,Meena,9,0.15,19820.69,16845.66
O000825,2024-07-31,C00154,P0037,3,Meena,10,0.1,71926.74,67251.1
O000826,2025-07-02,C00267,P0095,3,Sneha,9,0.05,161862.87,123319.8
O000827,2025-09-10,C00185,P0059,4,Priya,2,0.0,23409.26,16708.06
O000828,2024-12-18,C00067,P0061,5,Arun,6,0.1,147254.06,112262.34
O000829,2024-12-02,C00287,P0067,2,Sneha,10,0.05,78520.54,60730.9
O000830,2024-12-17,C00226,P0089,5,Priya,7,0.15,92674.88,78694.84
O000831,2024-05-20,C00066,P0063,2,Rahul,9,0.15,164225.92,163552.95
O000832,2024-04-28,C00109,P0059,4,Meena,3,0.2,28091.11,25062.09
O000833,2024-11-09,C00061,P0078,2,Arun,2,0.05,38536.35,27537.12
O000834,2024-09-11,C00268,P0020,3,Sneha,5,0.0,141152.35,96296.55
O000835,2024-02-04,C00074,P0019,4,Priya,1,0.2,1367.77,1154.52
O000836,2024-09-23,C00146,P0028,1,Meena,8,0.0,60443.92,47029.92
O000837,2025-03-13,C00035,P0006,4,Vikram,5,0.05,99602.94,84708.9
O000838,2025-10-29,C00194,P0061,2,Vikram,3,0.1,73627.03,56131.17
O000839,2025-02-12,C00236,P0098,4,Priya,3,0.15,33386.13,28021.89
O000840,2024-10-07,C00210,P0050,3,Priya,6,0.05,160402.39,113030.94
O000841,2025-12-04,C00227,P0095,1,Arun,3,0.1,51114.59,41106.6
O000842,2025-03-30,C00159,P0072,2,Meena,9,0.0,225890.64,154300.59
O000843,2025-12-03,C00278,P0074,4,Vikram,9,0.0,73171.8,59161.41
O000844,2025-01-23,C00010,P0016,3,Vikram,3,0.2,23293.08,19465.29
O000845,2024-08-31,C00106,P0032,2,Vikram,8,0.0,8834.8,7592.48
O000846,2025-03-03,C00165,P0052,2,Priya,1,0.0,26688.0,18683.95
O000847,2024-06-19,C00013,P0068,5,Sneha,2,0.0,53026.24,39567.24
O000848,2024-04-12,C00087,P0037,3,Arun,3,0.0,23975.58,20175.33
O000849,2024-12-06,C00087,P0008,2,Sneha,3,0.0,15523.95,10492.26
O000850,2024-03-06,C00200,P0013,1,Priya,6,0.0,151473.6,114837.06
O000851,2025-11-24,C00062,P0007,2,Vikram,10,0.0,171405.1,125566.9
O000852,2025-02-14,C00259,P0050,5,Sneha,1,0.0,28140.77,18838.49
O000853,2025-03-17,C00034,P0062,2,Arun,5,0.05,90020.38,75774.15
O000854,2025-04-08,C00052,P0032,5,Meena,3,0.0,3313.05,2847.18
O000855,2024-12-05,C00043,P0082,5,Rahul,6,0.05,131804.12,96417.6
O000856,2024-06-09,C00126,P0069,4,Vikram,8,0.0,91946.4,75521.68
O000857,2025-09-03,C00149,P0084,4,Arun,1,0.2,8627.83,7331.43
O000858,2025-01-27,C00129,P0088,4,Sneha,4,0.05,46234.64,36602.52
O000859,2025-02-16,C00024,P0021,3,Vikram,2,0.0,18018.02,12714.78
O000860,2024-11-27,C00063,P0018,2,Sneha,7,0.0,81912.39,65866.36
O000861,2025-02-12,C00163,P0088,4,Meena,5,0.2,48668.04,45753.15
O000862,2025-06-28,C00140,P0032,1,Sneha,6,0.0,6626.1,5694.36
O000863,2025-12-05,C00169,P0003,3,Rahul,1,0.1,5038.69,3761.97
O000864,2024-01-08,C00005,P0087,4,Vikram,8,0.1,136788.12,115046.56
O000865,2025-03-07,C00040,P0069,4,Meena,2,0.05,21837.27,18880.42
O000866,2025-09-04,C00184,P0050,5,Meena,1,0.0,28140.77,18838.49
O000867,2024-11-09,C00099,P0057,1,Sneha,6,0.0,100606.8,74227.14
O000868,2025-09-06,C00156,P0092,4,Priya,6,0.0,131750.76,112208.82
O000869,2025-02-04,C00108,P0001,5,Meena,7,0.0,187198.27,136162.18
O000870,2024-09-02,C00257,P0064,3,Rahul,10,0.1,192990.96,148129.3
O000871,2025-04-19,C00090,P0009,2,Meena,2,0.0,36777.08,25091.82
O000872,2025-11-19,C00117,P0067,4,Sneha,4,0.15,28102.09,24292.36
O000873,2024-01-30,C00273,P0079,3,Vikram,8,0.0,151808.72,102627.36
O000874,2024-12-20,C00027,P0042,5,Priya,5,0.0,33473.7,24788.0
O000875,2025-02-21,C00254,P0047,1,Arun,4,0.0,49584.0,37097.28
O000876,2025-11-10,C00273,P0058,3,Priya,4,0.0,89066.56,72471.64
O000877,2025-10-16,C00013,P0095,5,Meena,7,0.2,106015.45,95915.4
O000878,2025-11-09,C00101,P0022,2,Arun,2,0.0,25286.54,20100.76
O000879,2024-12-23,C00013,P0076,5,Sneha,5,0.0,83660.7,72496.1
O000880,2025-01-21,C00175,P0007,5,Vikram,4,0.2,54849.63,50226.76
O000881,2025-08-11,C00225,P0098,4,Vikram,2,0.0,26185.2,18681.26
O000882,2024-03-08,C00018,P0049,1,Meena,2,0.1,8826.55,7932.88
O000883,2024-03-09,C00227,P0008,1,Meena,7,0.0,36222.55,24481.94
O000884,2025-06-08,C00287,P0007,2,Priya,7,0.0,119983.57,87896.83
O000885,2025-07-26,C00120,P0077,4,Vikram,1,0.05,1565.49,1383.17
O000886,2025-01-15,C00220,P0080,4,Sneha,1,0.05,5115.76,4499.7
O000887,2024-10-10,C00099,P0014,5,Meena,2,0.05,3556.44,3197.02
O000888,2025-09-21,C00294,P0017,4,Sneha,6,0.05,115625.3,91495.2
O000889,2025-07-09,C00228,P0024,4,Arun,1,0.0,1393.12,1115.86
O000890,2025-04-07,C00263,P0084,3,Sneha,10,0.15,91670.72,73314.3
O000891,2025-08-11,C00076,P0061,1,Sneha,5,0.05,129529.03,93551.95
O000892,2024-01-13,C00075,P0008,4,Vikram,1,0.05,4915.92,3497.42
O000893,2024-07-01,C00103,P0082,2,Arun,6,0.0,138741.18,96417.6
O000894,2025-01-23,C00240,P0077,5,Vikram,10,0.2,13183.04,13831.7
O000895,2025-04-28,C00215,P0043,2,Priya,1,0.05,10968.22,8904.62
O000896,2025-11-11,C00115,P0089,5,Vikram,4,0.0,62302.44,44968.48
O000897,2025-07-15,C00170,P0095,5,Priya,3,0.15,48274.89,41106.6
O000898,2024-01-11,C00006,P0010,1,Vikram,2,0.0,38349.5,33061.88
O000899,2024-12-29,C00300,P0098,4,Arun,4,0.0,52370.4,37362.52
O000900,2024-06-14,C00135,P0093,5,Vikram,4,0.0,46922.52,33064.04
O000901,2024-01-28,C00135,P0013,2,Priya,2,0.0,50491.2,38279.02
O000902,2024-07-12,C00234,P0031,4,Sneha,3,0.2,44306.4,45408.18
O000903,2025-12-16,C00223,P0092,2,Rahul,4,0.0,87833.84,74805.88
O000904,2024-11-15,C00192,P0041,2,Meena,4,0.2,65782.62,57861.92
O000905,2025-08-03,C00097,P0069,5,Rahul,6,0.0,68959.8,56641.26
O000906,2025-05-07,C00144,P0017,1,Vikram,8,0.0,162281.12,121993.6
O000907,2024-03-27,C00241,P0085,4,Rahul,9,0.05,188629.07,162650.97
O000908,2025-10-18,C00261,P0048,1,Priya,3,0.0,65098.68,46422.0
O000909,2024-11-12,C00248,P0092,5,Priya,5,0.05,104302.68,93507.35
O000910,2025-05-13,C00299,P0084,2,Rahul,8,0.15,73336.57,58651.44
O000911,2024-11-28,C00157,P0055,3,Vikram,3,0.2,44620.42,39513.15
O000912,2024-11-12,C00282,P0011,1,Sneha,8,0.05,50255.84,43227.36
O000913,2024-07-28,C00022,P0060,3,Sneha,7,0.05,2257.54,1769.95
O000914,2024-12-24,C00189,P0064,1,Priya,1,0.0,21443.44,14812.93
O000915,2024-07-31,C00039,P0046,5,Sneha,9,0.05,224860.81,179664.66
O000916,2025-05-16,C00142,P0030,1,Sneha,1,0.05,23864.31,19505.39
O000917,2024-10-14,C00169,P0033,3,Meena,5,0.0,62805.3,46106.1
O000918,2025-04-20,C00071,P0097,1,Vikram,5,0.0,19984.1,13389.2
O000919,2024-09-18,C00178,P0052,3,Vikram,1,0.05,25353.6,18683.95
O000920,2025-02-17,C00077,P0051,4,Meena,4,0.05,69538.52,55405.04
O000921,2025-02-19,C00283,P0097,1,Priya,6,0.1,21582.83,16067.04
O000922,2024-09-29,C00097,P0055,5,Meena,7,0.0,130142.88,92197.35
O000923,2025-01-05,C00286,P0004,1,Vikram,3,0.0,66512.64,49959.33
O000924,2025-07-17,C00256,P0085,2,Sneha,4,0.05,83835.14,72289.32
O000925,2025-06-13,C00207,P0098,1,Vikram,5,0.0,65463.0,46703.15
O000926,2024-01-30,C00017,P0018,4,Sneha,10,0.1,105315.93,94094.8
O000927,2025-04-19,C00294,P0051,4,Rahul,7,0.0,128097.27,96958.82
O000928,2024-11-21,C00244,P0014,3,Priya,5,0.0,9359.05,7992.55
O000929,2024-04-16,C00284,P0023,5,Priya,1,0.0,15155.87,10183.07
O000930,2024-03-16,C00198,P0037,4,Sneha,9,0.0,71926.74,60525.99
O000931,2024-03-05,C00266,P0002,2,Priya,7,0.0,87153.92,72937.2
O000932,2024-04-22,C00275,P0054,2,Arun,7,0.2,41430.65,41408.43
O000933,2025-10-07,C00067,P0027,5,Meena,8,0.0,87470.72,64812.4
O000934,2025-04-01,C00159,P0076,2,Meena,8,0.0,133857.12,115993.76
O000935,2024-01-12,C00074,P0058,4,Vikram,4,0.05,84613.23,72471.64
O000936,2025-11-04,C00252,P0059,1,Arun,2,0.0,23409.26,16708.06
O000937,2025-10-17,C00234,P0045,4,Meena,5,0.05,7890.8,6931.4
O000938,2025-09-10,C00090,P0054,2,Vikram,7,0.05,49198.89,41408.43
O000939,2025-11-05,C00094,P0090,4,Priya,1,0.0,11499.82,8009.58
O000940,2025-10-10,C00141,P0081,3,Meena,2,0.1,45596.86,39556.86
O000941,2025-07-07,C00112,P0064,2,Vikram,2,0.2,34309.5,29625.86
O000942,2024-03-23,C00054,P0065,3,Sneha,7,0.05,142301.02,123637.92
O000943,2024-08-14,C00260,P0006,1,Arun,8,0.05,159364.7,135534.24
O000944,2025-07-23,C00100,P0051,3,Arun,3,0.0,54898.83,41553.78
O000945,2025-07-24,C00249,P0060,5,Meena,4,0.1,1222.13,1011.4
O000946,2024-12-27,C00242,P0036,2,Rahul,1,0.1,11969.8,9873.46
O000947,2024-06-16,C00064,P0069,2,Rahul,2,0.1,20687.94,18880.42
O000948,2024-01-17,C00140,P0020,1,Rahul,4,0.1,101629.69,77037.24
O000949,2025-10-24,C00273,P0028,3,Arun,9,0.1,61199.47,52908.66
O000950,2025-07-03,C00053,P0050,1,Priya,1,0.05,26733.73,18838.49
O000951,2024-02-25,C00194,P0099,2,Rahul,6,0.15,104022.61,98962.2
O000952,2024-07-04,C00009,P0054,1,Sneha,4,0.1,26633.99,23661.96
O000953,2024-03-10,C00050,P0086,5,Rahul,1,0.05,8432.3,6663.14
O000954,2024-04-19,C00168,P0042,2,Rahul,10,0.0,66947.4,49576.0
O000955,2025-03-09,C00220,P0016,4,Arun,6,0.0,58232.7,38930.58
O000956,2024-01-21,C00162,P0002,4,Priya,4,0.0,49802.24,41678.4
O000957,2025-09-05,C00189,P0006,2,Priya,5,0.1,94360.68,84708.9
O000958,2025-02-08,C00053,P0092,1,Vikram,3,0.0,65875.38,56104.41
O000959,2024-04-08,C00167,P0081,4,Meena,3,0.0,75994.77,59335.29
O000960,2025-05-11,C00163,P0086,4,Sneha,1,0.1,7988.49,6663.14
O000961,2025-04-07,C00196,P0066,1,Rahul,9,0.05,46463.86,34634.61
O000962,2025-12-23,C00120,P0003,4,Arun,5,0.0,27992.7,18809.85
O000963,2024-12-21,C00125,P0080,2,Sneha,8,0.0,43080.08,35997.6
O000964,2024-05-26,C00105,P0083,5,Priya,6,0.0,123629.52,104890.38
O000965,2024-10-02,C00021,P0067,3,Priya,5,0.1,37193.94,30365.45
O000966,2024-07-27,C00170,P0044,5,Vikram,1,0.15,10022.01,8295.99
O000967,2025-05-31,C00128,P0088,2,Rahul,10,0.15,103419.59,91506.3
O000968,2025-02-23,C00094,P0057,4,Arun,8,0.0,134142.4,98969.52
O000969,2024-06-28,C00073,P0027,2,Vikram,9,0.15,83643.88,72913.95
O000970,2025-11-18,C00121,P0065,4,Sneha,3,0.1,57776.36,52987.68
O000971,2024-08-08,C00091,P0078,4,Sneha,10,0.05,192681.76,137685.6
O000972,2025-05-11,C00140,P0062,3,Priya,7,0.0,132661.62,106083.81
O000973,2024-12-30,C00259,P0079,5,Rahul,8,0.0,151808.72,102627.36
O000974,2024-11-17,C00043,P0098,5,Sneha,10,0.05,124379.7,93406.3
O000975,2025-03-17,C00090,P0033,2,Sneha,8,0.0,100488.48,73769.76
O000976,2025-03-23,C00247,P0010,3,Meena,8,0.0,153398.0,132247.52
O000977,2025-11-08,C00003,P0002,5,Meena,6,0.05,70968.19,62517.6
O000978,2025-11-14,C00203,P0096,5,Priya,5,0.1,92366.87,86133.45
O000979,2025-04-10,C00210,P0005,3,Arun,7,0.2,51326.13,45883.74
O000980,2024-06-04,C00224,P0033,4,Meena,6,0.05,71598.04,55327.32
O000981,2025-02-01,C00189,P0090,4,Priya,4,0.0,45999.28,32038.32
O000982,2024-02-11,C00186,P0081,1,Arun,3,0.0,75994.77,59335.29
O000983,2025-01-09,C00076,P0033,1,Vikram,3,0.0,37683.18,27663.66
O000984,2025-08-08,C00197,P0051,2,Arun,9,0.15,139992.02,124661.34
O000985,2025-10-14,C00085,P0055,4,Sneha,9,0.2,133861.25,118539.45
O000986,2025-05-26,C00196,P0076,1,Priya,2,0.0,33464.28,28998.44
O000987,2025-03-30,C00177,P0019,4,Rahul,7,0.1,10771.17,8081.64
O000988,2024-01-10,C00087,P0063,1,Meena,7,0.05,142758.48,127207.85
O000989,2025-05-24,C00221,P0022,3,Rahul,3,0.0,37929.81,30151.14
O000990,2024-06-20,C00057,P0058,3,Rahul,3,0.0,66799.92,54353.73
O000991,2025-07-25,C00099,P0034,3,Priya,8,0.1,169280.28,149101.36
O000992,2025-05-04,C00086,P0011,4,Priya,2,0.0,13225.22,10806.84
O000993,2024-10-20,C00300,P0031,4,Meena,2,0.0,36922.0,30272.12
O000994,2024-08-24,C00004,P0086,4,Arun,2,0.0,17752.2,13326.28
O000995,2025-08-21,C00193,P0078,5,Sneha,8,0.05,154145.4,110148.48
O000996,2024-10-16,C00220,P0044,4,Sneha,6,0.15,60132.06,49775.94
O000997,2025-11-24,C00205,P0049,4,Sneha,6,0.15,25008.56,23798.64
O000998,2024-01-06,C00206,P0093,3,Rahul,1,0.1,10557.57,8266.01
O000999,2025-10-09,C00144,P0090,1,Rahul,6,0.05,65548.97,48057.48
O001000,2025-06-14,C00244,P0066,3,Rahul,1,0.2,4347.5,3848.29
